{
    "numberOfLeafNodes": 1038,
    "numberOfSearches": 100,
    "numberFound": 17,
    "numberNotFound": 83,
    "foundFraction": 0.17,
    "foundFractionError": 0.03756327994198585,
    "averageViewedNodesOfFoundSearches": 42.11764705882353,
    "averageViewedNodesOfFoundSearchesError": 3.427701117089541,
    "averageViewedNodesOfNotFoundSearches": 32.16867469879518,
    "averageViewedNodesOfNotFoundSearchesError": 1.4720252856866896,
    "averageViewedNodesPerSearch": 199.17647058823528,
    "averageViewedNodesPerSearchError": 42.563220150727204,
    "viewedNodesFraction": 0.19188484642411877,
    "viewedNodesFractionError": 0.04100502904694336,
    "averageViewedBytesOfFoundSearches": 846.6470588235294,
    "averageViewedBytesOfFoundSearchesError": 69.73299609184045,
    "averageViewedBytesOfNotFoundSearches": 678.710843373494,
    "averageViewedBytesOfNotFoundSearchesError": 29.305626196127072,
    "averageViewedBytesPerSearch": 4160.35294117647,
    "averageViewedBytesPerSearchError": 896.4106397527663,
    "viewedBytesFraction": 0.2360350017687774,
    "viewedBytesFractionError": 0.050857292621852165,
    "correctChoices": 310,
    "correctChoicesError": 7.556802442693254,
    "totalChoices": 380,
    "correctChoicesFraction": 0.8157894736842105,
    "correctChoicesFractionError": 0.019886322217613824
}