{
    "numberOfLeafNodes": 1038,
    "numberOfSearches": 100,
    "numberFound": 74,
    "numberNotFound": 26,
    "foundFraction": 0.74,
    "foundFractionError": 0.043863424398922615,
    "averageViewedNodesOfFoundSearches": 50.0,
    "averageViewedNodesOfFoundSearchesError": 1.1576892302958441,
    "averageViewedNodesOfNotFoundSearches": 47.5,
    "averageViewedNodesOfNotFoundSearchesError": 1.8599007417684335,
    "averageViewedNodesPerSearch": 66.6891891891892,
    "averageViewedNodesPerSearchError": 4.030364722633768,
    "viewedNodesFraction": 0.06424777378534605,
    "viewedNodesFractionError": 0.0038828176518629753,
    "averageViewedBytesOfFoundSearches": 821.4324324324324,
    "averageViewedBytesOfFoundSearchesError": 18.232964043622314,
    "averageViewedBytesOfNotFoundSearches": 797.4615384615385,
    "averageViewedBytesOfNotFoundSearchesError": 33.96868380273131,
    "averageViewedBytesPerSearch": 1101.6216216216217,
    "averageViewedBytesPerSearchError": 67.49249085958186,
    "viewedBytesFraction": 0.06249980832983216,
    "viewedBytesFractionError": 0.0038291439271293465,
    "correctChoices": 193,
    "correctChoicesError": 4.620132262156103,
    "totalChoices": 217,
    "correctChoicesFraction": 0.8894009216589862,
    "correctChoicesFractionError": 0.021290932083668678
}