{
    "numberOfLeafNodes": 1038,
    "numberOfSearches": 100,
    "numberFound": 38,
    "numberNotFound": 62,
    "foundFraction": 0.38,
    "foundFractionError": 0.048538644398046386,
    "averageViewedNodesOfFoundSearches": 32.39473684210526,
    "averageViewedNodesOfFoundSearchesError": 1.0810270350344648,
    "averageViewedNodesOfNotFoundSearches": 29.112903225806452,
    "averageViewedNodesOfNotFoundSearchesError": 1.0031955390850935,
    "averageViewedNodesPerSearch": 79.89473684210526,
    "averageViewedNodesPerSearchError": 9.980673268694325,
    "viewedNodesFraction": 0.07696988135077579,
    "viewedNodesFractionError": 0.009615292166372183,
    "averageViewedBytesOfFoundSearches": 546.0526315789474,
    "averageViewedBytesOfFoundSearchesError": 21.610674729389856,
    "averageViewedBytesOfNotFoundSearches": 490.9193548387097,
    "averageViewedBytesOfNotFoundSearchesError": 19.953983264397685,
    "averageViewedBytesPerSearch": 1347.0263157894738,
    "averageViewedBytesPerSearchError": 169.5812418961727,
    "viewedBytesFraction": 0.07642268897024133,
    "viewedBytesFractionError": 0.009621084868726468,
    "correctChoices": 154,
    "correctChoicesError": 6.00082913010829,
    "totalChoices": 201,
    "correctChoicesFraction": 0.7661691542288557,
    "correctChoicesFractionError": 0.029854871294071095
}