{
    "numberOfLeafNodes": 1038,
    "numberOfSearches": 100,
    "numberFound": 7,
    "numberNotFound": 93,
    "foundFraction": 0.07,
    "foundFractionError": 0.025514701644346077,
    "averageViewedNodesOfFoundSearches": 45.57142857142857,
    "averageViewedNodesOfFoundSearchesError": 11.622755068147555,
    "averageViewedNodesOfNotFoundSearches": 21.096774193548388,
    "averageViewedNodesOfNotFoundSearchesError": 1.8086375607393317,
    "averageViewedNodesPerSearch": 325.85714285714283,
    "averageViewedNodesPerSearchError": 113.0490342913135,
    "viewedNodesFraction": 0.31392788329204513,
    "viewedNodesFractionError": 0.10891043766022496,
    "averageViewedBytesOfFoundSearches": 788.8571428571429,
    "averageViewedBytesOfFoundSearchesError": 197.68619054444036,
    "averageViewedBytesOfNotFoundSearches": 334.86021505376345,
    "averageViewedBytesOfNotFoundSearchesError": 30.33819653666325,
    "averageViewedBytesPerSearch": 5237.714285714286,
    "averageViewedBytesPerSearchError": 1800.5103051195838,
    "viewedBytesFraction": 0.2971584185699697,
    "viewedBytesFractionError": 0.10215081726537976,
    "correctChoices": 189,
    "correctChoicesError": 7.657113481026246,
    "totalChoices": 274,
    "correctChoicesFraction": 0.6897810218978102,
    "correctChoicesFractionError": 0.02794566963878192
}