{
    "numberOfLeafNodes": 1038,
    "numberOfSearches": 200,
    "numberFound": 72,
    "numberNotFound": 128,
    "foundFraction": 0.36,
    "foundFractionError": 0.03394112549695428,
    "averageViewedNodesOfFoundSearches": 41.47222222222222,
    "averageViewedNodesOfFoundSearchesError": 1.0481319962774667,
    "averageViewedNodesOfNotFoundSearches": 36.1640625,
    "averageViewedNodesOfNotFoundSearchesError": 0.8482103484660115,
    "averageViewedNodesPerSearch": 105.76388888888889,
    "averageViewedNodesPerSearchError": 9.647453150082997,
    "viewedNodesFraction": 0.10189199314921858,
    "viewedNodesFractionError": 0.009294270857498071,
    "averageViewedBytesOfFoundSearches": 639.0416666666666,
    "averageViewedBytesOfFoundSearchesError": 15.989609760877977,
    "averageViewedBytesOfNotFoundSearches": 562.1484375,
    "averageViewedBytesOfNotFoundSearchesError": 15.463130401107094,
    "averageViewedBytesPerSearch": 1638.4166666666665,
    "averageViewedBytesPerSearchError": 150.61752513603545,
    "viewedBytesFraction": 0.09295453685842883,
    "viewedBytesFractionError": 0.008545190351528165,
    "correctChoices": 232,
    "correctChoicesError": 7.712793235085425,
    "totalChoices": 312,
    "correctChoicesFraction": 0.7435897435897436,
    "correctChoicesFractionError": 0.02472049113809431
}