{
    "totalTripleCount": 125,
    "validTripleCount": 97,
    "trueTriplesCount": 95,
    "falseTriplesCount": 1,
    "unknownTriplesCount": 1,
    "averageTrivialityScore": 5.610526315789474,
    "trivialityError": 0.21126968422354414,
    "averageContextDependenceScore": 2.6526315789473682,
    "contextDependenceError": 0.33288195603295345,
    "validTripleProportion": 0.776,
    "validTripleError": 0.037290642257810466,
    "trueTripleProportion": 0.9895833333333334,
    "trueTripleError": 0.01036227116867474,
    "unknownTripleProportion": 0.010309278350515464,
    "unknownTripleError": 0.01025600006956303
}