{
    "numberOfLeafNodes": 1038,
    "numberOfSearches": 100,
    "numberFound": 5,
    "numberNotFound": 95,
    "foundFraction": 0.05,
    "foundFractionError": 0.02179449471770332,
    "averageViewedNodesOfFoundSearches": 39.6,
    "averageViewedNodesOfFoundSearchesError": 2.420743687382041,
    "averageViewedNodesOfNotFoundSearches": 31.431578947368422,
    "averageViewedNodesOfNotFoundSearchesError": 1.5888506154038495,
    "averageViewedNodesPerSearch": 636.8000000000001,
    "averageViewedNodesPerSearchError": 275.6826815305168,
    "viewedNodesFraction": 0.6134874759152217,
    "viewedNodesFractionError": 0.26559025195618186,
    "averageViewedBytesOfFoundSearches": 618.2,
    "averageViewedBytesOfFoundSearchesError": 40.17636120904928,
    "averageViewedBytesOfNotFoundSearches": 517.1473684210526,
    "averageViewedBytesOfNotFoundSearchesError": 26.927329387732495,
    "averageViewedBytesPerSearch": 10444.000000000002,
    "averageViewedBytesPerSearchError": 4537.5009483258655,
    "viewedBytesFraction": 0.5925337569499604,
    "viewedBytesFractionError": 0.25743225623090127,
    "correctChoices": 181,
    "correctChoicesError": 7.067955857247553,
    "totalChoices": 250,
    "correctChoicesFraction": 0.724,
    "correctChoicesFractionError": 0.028271823428990213
}