{
    "averageDecisionCostOfSuccessfulSearches": 16.475082996461143,
    "averageDecisionCostOfSuccessfulSearchesError": 1.0797216048512424,
    "averageDecisionCostOfFailedSearches": 25.83193267900581,
    "averageDecisionCostOfFailedSearchesError": 0.8108730493070732,
    "averageDecisionCostOfNonInteruptedSearches": 50.717412361654894,
    "averageDecisionCostOfNonInteruptedSearchesError": 7.082393221697145,
    "probabilityOfSuccess": 0.43,
    "probabilityOfSuccessError": 0.04950757517794625
}