{
    "averageDecisionCostOfSuccessfulSearches": 15.157983138058126,
    "averageDecisionCostOfSuccessfulSearchesError": 0.9331690721115556,
    "averageDecisionCostOfFailedSearches": 24.357279567317065,
    "averageDecisionCostOfFailedSearchesError": 1.1614932972360248,
    "averageDecisionCostOfNonInteruptedSearches": 33.532772987086794,
    "averageDecisionCostOfNonInteruptedSearchesError": 3.9260499377328277,
    "probabilityOfSuccess": 0.57,
    "probabilityOfSuccessError": 0.04950757517794625
}