{
    "numberOfLeafNodes": 1038,
    "numberOfSearches": 200,
    "numberFound": 20,
    "numberNotFound": 180,
    "foundFraction": 0.1,
    "foundFractionError": 0.02121320343559649,
    "averageViewedNodesOfFoundSearches": 22.9,
    "averageViewedNodesOfFoundSearchesError": 1.6888177116426433,
    "averageViewedNodesOfNotFoundSearches": 21.122222222222224,
    "averageViewedNodesOfNotFoundSearchesError": 0.6387378711213932,
    "averageViewedNodesPerSearch": 213.00000000000003,
    "averageViewedNodesPerSearchError": 45.20582041058177,
    "viewedNodesFraction": 0.20520231213872836,
    "viewedNodesFractionError": 0.0435508867153967,
    "averageViewedBytesOfFoundSearches": 394.55,
    "averageViewedBytesOfFoundSearchesError": 32.283487305921255,
    "averageViewedBytesOfNotFoundSearches": 410.97222222222223,
    "averageViewedBytesOfNotFoundSearchesError": 11.253488128959194,
    "averageViewedBytesPerSearch": 4093.3,
    "averageViewedBytesPerSearchError": 878.26072303469,
    "viewedBytesFraction": 0.23223079541586295,
    "viewedBytesFractionError": 0.04982756853708669,
    "correctChoices": 640,
    "correctChoicesError": 11.589693164804714,
    "totalChoices": 810,
    "correctChoicesFraction": 0.7901234567901234,
    "correctChoicesFractionError": 0.014308263166425573
}