{
    "totalTripleCount": 125,
    "validTripleCount": 122,
    "trueTriplesCount": 79,
    "falseTriplesCount": 38,
    "unknownTriplesCount": 5,
    "averageTrivialityScore": 5.69620253164557,
    "trivialityError": 0.261294328031917,
    "averageContextDependenceScore": 3.8227848101265822,
    "contextDependenceError": 0.38964172396092944,
    "validTripleProportion": 0.976,
    "validTripleError": 0.013689119767172766,
    "trueTripleProportion": 0.6752136752136753,
    "trueTripleError": 0.043293884214877905,
    "unknownTripleProportion": 0.040983606557377046,
    "unknownTripleError": 0.017948914426949625
}