{
    "numberOfLeafNodes": 1038,
    "numberOfSearches": 100,
    "numberFound": 62,
    "numberNotFound": 38,
    "foundFraction": 0.62,
    "foundFractionError": 0.048538644398046386,
    "averageViewedNodesOfFoundSearches": 35.483870967741936,
    "averageViewedNodesOfFoundSearchesError": 1.071909966335852,
    "averageViewedNodesOfNotFoundSearches": 33.26315789473684,
    "averageViewedNodesOfNotFoundSearchesError": 1.1579917197196545,
    "averageViewedNodesPerSearch": 55.87096774193549,
    "averageViewedNodesPerSearchError": 4.392518220889344,
    "viewedNodesFraction": 0.05382559512710548,
    "viewedNodesFractionError": 0.00423171312224407,
    "averageViewedBytesOfFoundSearches": 592.4354838709677,
    "averageViewedBytesOfFoundSearchesError": 24.073916899083056,
    "averageViewedBytesOfNotFoundSearches": 572.2105263157895,
    "averageViewedBytesOfNotFoundSearchesError": 27.98737669867095,
    "averageViewedBytesPerSearch": 943.1451612903227,
    "averageViewedBytesPerSearchError": 78.066608754366,
    "viewedBytesFraction": 0.05350874624363569,
    "viewedBytesFractionError": 0.004429059840824124,
    "correctChoices": 263,
    "correctChoicesError": 5.627215282843272,
    "totalChoices": 299,
    "correctChoicesFraction": 0.8795986622073578,
    "correctChoicesFractionError": 0.018820118002820307
}