{
    "totalTripleCount": 125,
    "validTripleCount": 125,
    "trueTriplesCount": 95,
    "falseTriplesCount": 23,
    "unknownTriplesCount": 7,
    "averageTrivialityScore": 5.747368421052632,
    "trivialityError": 0.2543984499645671,
    "averageContextDependenceScore": 3.557894736842105,
    "contextDependenceError": 0.3441124680966868,
    "validTripleProportion": 1.0,
    "validTripleError": null,
    "trueTripleProportion": 0.8050847457627118,
    "trueTripleError": 0.036467224418705764,
    "unknownTripleProportion": 0.056,
    "unknownTripleError": 0.020564824336716324
}