{
  "averageWordLength": 2.2420289855072464,
  "averageWordLengthError": 0.05699952154523401
}