{
  "triplesCount": 231,
  "averageTriplesLength": 2.987012987012987,
  "averageTriplesLengthError": 0.112711815274554,
  "totalNumberOfTriples": 690
}