{
    "numberOfLeafNodes": 1038,
    "numberOfSearches": 100,
    "numberFound": 22,
    "numberNotFound": 78,
    "foundFraction": 0.22,
    "foundFractionError": 0.04142463035441601,
    "averageViewedNodesOfFoundSearches": 27.681818181818183,
    "averageViewedNodesOfFoundSearchesError": 3.02256045498738,
    "averageViewedNodesOfNotFoundSearches": 30.397435897435898,
    "averageViewedNodesOfNotFoundSearchesError": 1.0897670953959415,
    "averageViewedNodesPerSearch": 135.45454545454547,
    "averageViewedNodesPerSearchError": 26.475020601429925,
    "viewedNodesFraction": 0.13049570853039064,
    "viewedNodesFractionError": 0.025505800194055805,
    "averageViewedBytesOfFoundSearches": 501.8181818181818,
    "averageViewedBytesOfFoundSearchesError": 61.3289560489907,
    "averageViewedBytesOfNotFoundSearches": 549.1282051282051,
    "averageViewedBytesOfNotFoundSearchesError": 23.54065187501723,
    "averageViewedBytesPerSearch": 2448.727272727273,
    "averageViewedBytesPerSearchError": 481.2651916930781,
    "viewedBytesFraction": 0.13892699833923028,
    "viewedBytesFractionError": 0.027304277300185982,
    "correctChoices": 366,
    "correctChoicesError": 7.889543583705187,
    "totalChoices": 441,
    "correctChoicesFraction": 0.8299319727891157,
    "correctChoicesFractionError": 0.017890121505000425
}