{
    "numberOfLeafNodes": 1038,
    "numberOfSearches": 100,
    "numberFound": 33,
    "numberNotFound": 67,
    "foundFraction": 0.33,
    "foundFractionError": 0.047021271782034864,
    "averageViewedNodesOfFoundSearches": 44.84848484848485,
    "averageViewedNodesOfFoundSearchesError": 1.3906623204874387,
    "averageViewedNodesOfNotFoundSearches": 41.32835820895522,
    "averageViewedNodesOfNotFoundSearchesError": 1.08365348079596,
    "averageViewedNodesPerSearch": 128.75757575757575,
    "averageViewedNodesPerSearchError": 18.0337407889819,
    "viewedNodesFraction": 0.12404390728090149,
    "viewedNodesFractionError": 0.0173735460394816,
    "averageViewedBytesOfFoundSearches": 753.6666666666666,
    "averageViewedBytesOfFoundSearchesError": 27.743845436347854,
    "averageViewedBytesOfNotFoundSearches": 727.5820895522388,
    "averageViewedBytesOfNotFoundSearchesError": 22.815734345391174,
    "averageViewedBytesPerSearch": 2230.878787878788,
    "averageViewedBytesPerSearchError": 318.7647156840169,
    "viewedBytesFraction": 0.1265675018653573,
    "viewedBytesFractionError": 0.018084915220924595,
    "correctChoices": 254,
    "correctChoicesError": 7.059422287834515,
    "totalChoices": 316,
    "correctChoicesFraction": 0.8037974683544303,
    "correctChoicesFractionError": 0.0223399439488434
}