{
    "numberOfLeafNodes": 1038,
    "numberOfSearches": 100,
    "numberFound": 39,
    "numberNotFound": 61,
    "foundFraction": 0.39,
    "foundFractionError": 0.0487749935930288,
    "averageViewedNodesOfFoundSearches": 29.025641025641026,
    "averageViewedNodesOfFoundSearchesError": 1.3104413960491803,
    "averageViewedNodesOfNotFoundSearches": 30.131147540983605,
    "averageViewedNodesOfNotFoundSearchesError": 1.1246068918126921,
    "averageViewedNodesPerSearch": 76.15384615384615,
    "averageViewedNodesPerSearchError": 9.908215784015308,
    "viewedNodesFraction": 0.07336594041796353,
    "viewedNodesFractionError": 0.009545487267837483,
    "averageViewedBytesOfFoundSearches": 544.7692307692307,
    "averageViewedBytesOfFoundSearchesError": 32.433643699739456,
    "averageViewedBytesOfNotFoundSearches": 567.4262295081967,
    "averageViewedBytesOfNotFoundSearchesError": 28.526839619864703,
    "averageViewedBytesPerSearch": 1432.282051282051,
    "averageViewedBytesPerSearchError": 190.13799186957817,
    "viewedBytesFraction": 0.08125961938511579,
    "viewedBytesFractionError": 0.010787359121160682,
    "correctChoices": 288,
    "correctChoicesError": 7.094935438925537,
    "totalChoices": 349,
    "correctChoicesFraction": 0.8252148997134671,
    "correctChoicesFractionError": 0.020329327905230767
}