{
    "numberOfLeafNodes": 1038,
    "numberOfSearches": 200,
    "numberFound": 39,
    "numberNotFound": 161,
    "foundFraction": 0.195,
    "foundFractionError": 0.028015620642776976,
    "averageViewedNodesOfFoundSearches": 43.256410256410255,
    "averageViewedNodesOfFoundSearchesError": 1.4020988454309864,
    "averageViewedNodesOfNotFoundSearches": 38.95031055900621,
    "averageViewedNodesOfNotFoundSearchesError": 0.9177257724076981,
    "averageViewedNodesPerSearch": 204.05128205128202,
    "averageViewedNodesPerSearchError": 28.980296008526608,
    "viewedNodesFraction": 0.19658119658119655,
    "viewedNodesFractionError": 0.027919360316499622,
    "averageViewedBytesOfFoundSearches": 737.4358974358975,
    "averageViewedBytesOfFoundSearchesError": 33.13206703819949,
    "averageViewedBytesOfNotFoundSearches": 669.5093167701864,
    "averageViewedBytesOfNotFoundSearchesError": 19.269817414799817,
    "averageViewedBytesPerSearch": 3501.3076923076924,
    "averageViewedBytesPerSearchError": 500.74393985757973,
    "viewedBytesFraction": 0.19864448498284876,
    "viewedBytesFractionError": 0.028409391799476894,
    "correctChoices": 267,
    "correctChoicesError": 9.019510103104267,
    "totalChoices": 384,
    "correctChoicesFraction": 0.6953125,
    "correctChoicesFractionError": 0.02348830756016736
}