{"true": 3133, "truePercentage": 48.24453341546043, "false": 1684, "falsePercentage": 25.93162919618109, "rubbish": 1677, "rubbishPercentage": 25.823837388358484}