{
    "numberOfLeafNodes": 1038,
    "numberOfSearches": 100,
    "numberFound": 7,
    "numberNotFound": 93,
    "foundFraction": 0.07,
    "foundFractionError": 0.025514701644346077,
    "averageViewedNodesOfFoundSearches": 19.142857142857142,
    "averageViewedNodesOfFoundSearchesError": 3.541781710816582,
    "averageViewedNodesOfNotFoundSearches": 17.408602150537636,
    "averageViewedNodesOfNotFoundSearchesError": 0.9108504622323056,
    "averageViewedNodesPerSearch": 250.42857142857142,
    "averageViewedNodesPerSearchError": 91.52075658534436,
    "viewedNodesFraction": 0.24126066611615743,
    "viewedNodesFractionError": 0.08817028572769206,
    "averageViewedBytesOfFoundSearches": 317.7142857142857,
    "averageViewedBytesOfFoundSearchesError": 72.2942776783475,
    "averageViewedBytesOfNotFoundSearches": 279.83870967741933,
    "averageViewedBytesOfNotFoundSearchesError": 16.73245517479088,
    "averageViewedBytesPerSearch": 4035.571428571428,
    "averageViewedBytesPerSearchError": 1475.7746875326857,
    "viewedBytesFraction": 0.22895560130326947,
    "viewedBytesFractionError": 0.0837271466885672,
    "correctChoices": 217,
    "correctChoicesError": 7.912637743861004,
    "totalChoices": 305,
    "correctChoicesFraction": 0.7114754098360656,
    "correctChoicesFractionError": 0.025943074570036077
}