{
    "totalTripleCount": 125,
    "validTripleCount": 117,
    "trueTriplesCount": 113,
    "falseTriplesCount": 1,
    "unknownTriplesCount": 3,
    "averageTrivialityScore": 5.929203539823009,
    "trivialityError": 0.19503833384404667,
    "averageContextDependenceScore": 2.265486725663717,
    "contextDependenceError": 0.23719337752788414,
    "validTripleProportion": 0.936,
    "validTripleError": 0.02189136816190344,
    "trueTripleProportion": 0.9912280701754386,
    "trueTripleError": 0.00873337170460688,
    "unknownTripleProportion": 0.02564102564102564,
    "unknownTripleError": 0.01461282759427539
}