{
    "numberOfLeafNodes": 1038,
    "numberOfSearches": 100,
    "numberFound": 30,
    "numberNotFound": 70,
    "foundFraction": 0.3,
    "foundFractionError": 0.04582575694955828,
    "averageViewedNodesOfFoundSearches": 28.6,
    "averageViewedNodesOfFoundSearchesError": 1.293307263631083,
    "averageViewedNodesOfNotFoundSearches": 31.085714285714285,
    "averageViewedNodesOfNotFoundSearchesError": 1.1789637969113742,
    "averageViewedNodesPerSearch": 101.13333333333333,
    "averageViewedNodesPerSearchError": 16.117320205228733,
    "viewedNodesFraction": 0.09743095696852921,
    "viewedNodesFractionError": 0.015527283434709762,
    "averageViewedBytesOfFoundSearches": 521.5,
    "averageViewedBytesOfFoundSearchesError": 25.209866249582504,
    "averageViewedBytesOfNotFoundSearches": 582.7857142857143,
    "averageViewedBytesOfNotFoundSearchesError": 24.108793210896593,
    "averageViewedBytesPerSearch": 1881.3333333333335,
    "averageViewedBytesPerSearchError": 303.0753001918255,
    "viewedBytesFraction": 0.10673626082680888,
    "viewedBytesFractionError": 0.0171947861223094,
    "correctChoices": 362,
    "correctChoicesError": 7.566142453582735,
    "totalChoices": 430,
    "correctChoicesFraction": 0.8418604651162791,
    "correctChoicesFractionError": 0.01759568012461101
}