{
    "numberOfLeafNodes": 1038,
    "numberOfSearches": 300,
    "numberFound": 9,
    "numberNotFound": 291,
    "foundFraction": 0.03,
    "foundFractionError": 0.009848857801796063,
    "averageViewedNodesOfFoundSearches": 31.555555555555557,
    "averageViewedNodesOfFoundSearchesError": 3.2236586836453354,
    "averageViewedNodesOfNotFoundSearches": 25.896907216494846,
    "averageViewedNodesOfNotFoundSearchesError": 0.6510759069947032,
    "averageViewedNodesPerSearch": 868.8888888888889,
    "averageViewedNodesPerSearchError": 284.1934896616726,
    "viewedNodesFraction": 0.8370798544208949,
    "viewedNodesFractionError": 0.2737894890767559,
    "averageViewedBytesOfFoundSearches": 479.8888888888889,
    "averageViewedBytesOfFoundSearchesError": 40.01404074559483,
    "averageViewedBytesOfNotFoundSearches": 417.1958762886598,
    "averageViewedBytesOfNotFoundSearchesError": 11.997080576190205,
    "averageViewedBytesPerSearch": 13969.222222222223,
    "averageViewedBytesPerSearchError": 4582.072007739916,
    "viewedBytesFraction": 0.792535017713731,
    "viewedBytesFractionError": 0.25996096719277867,
    "correctChoices": 585,
    "correctChoicesError": 13.710843846354546,
    "totalChoices": 862,
    "correctChoicesFraction": 0.6786542923433875,
    "correctChoicesFractionError": 0.015905851329877662
}