{
    "numberOfLeafNodes": 1038,
    "numberOfSearches": 100,
    "numberFound": 70,
    "numberNotFound": 30,
    "foundFraction": 0.7,
    "foundFractionError": 0.04582575694955839,
    "averageViewedNodesOfFoundSearches": 49.48571428571429,
    "averageViewedNodesOfFoundSearchesError": 1.2120415262452018,
    "averageViewedNodesOfNotFoundSearches": 46.63333333333333,
    "averageViewedNodesOfNotFoundSearchesError": 1.548809949779636,
    "averageViewedNodesPerSearch": 69.47142857142858,
    "averageViewedNodesPerSearchError": 4.574938328883101,
    "viewedNodesFraction": 0.06692815854665567,
    "viewedNodesFractionError": 0.004407455037459635,
    "averageViewedBytesOfFoundSearches": 800.3,
    "averageViewedBytesOfFoundSearchesError": 17.90408480174264,
    "averageViewedBytesOfNotFoundSearches": 738.3,
    "averageViewedBytesOfNotFoundSearchesError": 27.22841441810628,
    "averageViewedBytesPerSearch": 1116.7142857142858,
    "averageViewedBytesPerSearchError": 72.278994956644,
    "viewedBytesFraction": 0.06335608111393883,
    "viewedBytesFractionError": 0.004100703220052422,
    "correctChoices": 199,
    "correctChoicesError": 5.031043978020061,
    "totalChoices": 228,
    "correctChoicesFraction": 0.8728070175438597,
    "correctChoicesFractionError": 0.02206598235973711
}