{
    "numberOfLeafNodes": 1038,
    "numberOfSearches": 100,
    "numberFound": 18,
    "numberNotFound": 82,
    "foundFraction": 0.18,
    "foundFractionError": 0.038418745424597195,
    "averageViewedNodesOfFoundSearches": 36.44444444444444,
    "averageViewedNodesOfFoundSearchesError": 1.5867552748001275,
    "averageViewedNodesOfNotFoundSearches": 30.21951219512195,
    "averageViewedNodesOfNotFoundSearchesError": 0.7760383938643444,
    "averageViewedNodesPerSearch": 174.1111111111111,
    "averageViewedNodesPerSearchError": 36.04211990826819,
    "viewedNodesFraction": 0.1677371012631128,
    "viewedNodesFractionError": 0.03472265887116396,
    "averageViewedBytesOfFoundSearches": 574.9444444444445,
    "averageViewedBytesOfFoundSearchesError": 29.712838296304973,
    "averageViewedBytesOfNotFoundSearches": 483.0365853658537,
    "averageViewedBytesOfNotFoundSearchesError": 15.815286583192442,
    "averageViewedBytesPerSearch": 2775.4444444444443,
    "averageViewedBytesPerSearchError": 578.045007389142,
    "viewedBytesFraction": 0.15746309114061297,
    "viewedBytesFractionError": 0.032795019141560314,
    "correctChoices": 129,
    "correctChoicesError": 5.869315431663528,
    "totalChoices": 176,
    "correctChoicesFraction": 0.7329545454545454,
    "correctChoicesFractionError": 0.03334838313445187
}