{
    "numberOfLeafNodes": 1038,
    "numberOfSearches": 100,
    "numberFound": 21,
    "numberNotFound": 79,
    "foundFraction": 0.21,
    "foundFractionError": 0.04073082370883266,
    "averageViewedNodesOfFoundSearches": 33.666666666666664,
    "averageViewedNodesOfFoundSearchesError": 1.8117780445020528,
    "averageViewedNodesOfNotFoundSearches": 28.556962025316455,
    "averageViewedNodesOfNotFoundSearchesError": 1.2944776767157593,
    "averageViewedNodesPerSearch": 141.0952380952381,
    "averageViewedNodesPerSearchError": 26.88215802546778,
    "viewedNodesFraction": 0.1359299018258556,
    "viewedNodesFractionError": 0.025898032779834088,
    "averageViewedBytesOfFoundSearches": 706.8095238095239,
    "averageViewedBytesOfFoundSearchesError": 40.248964437883316,
    "averageViewedBytesOfNotFoundSearches": 593.506329113924,
    "averageViewedBytesOfNotFoundSearchesError": 29.418511844566293,
    "averageViewedBytesPerSearch": 2939.5238095238096,
    "averageViewedBytesPerSearchError": 560.669916296444,
    "viewedBytesFraction": 0.16677203049607453,
    "viewedBytesFractionError": 0.03180925430026347,
    "correctChoices": 255,
    "correctChoicesError": 7.5334619386101505,
    "totalChoices": 328,
    "correctChoicesFraction": 0.7774390243902439,
    "correctChoicesFractionError": 0.022967871764055337
}