{
    "numberOfLeafNodes": 1038,
    "numberOfSearches": 100,
    "numberFound": 61,
    "numberNotFound": 39,
    "foundFraction": 0.61,
    "foundFractionError": 0.0487749935930288,
    "averageViewedNodesOfFoundSearches": 40.75409836065574,
    "averageViewedNodesOfFoundSearchesError": 0.9614582895069885,
    "averageViewedNodesOfNotFoundSearches": 41.15384615384615,
    "averageViewedNodesOfNotFoundSearchesError": 1.3908989226907627,
    "averageViewedNodesPerSearch": 67.06557377049181,
    "averageViewedNodesPerSearchError": 5.55116116970443,
    "viewedNodesFraction": 0.06461037935500175,
    "viewedNodesFractionError": 0.005347939469850125,
    "averageViewedBytesOfFoundSearches": 619.5573770491803,
    "averageViewedBytesOfFoundSearchesError": 17.68572831734231,
    "averageViewedBytesOfNotFoundSearches": 659.6153846153846,
    "averageViewedBytesOfNotFoundSearchesError": 27.12214624588708,
    "averageViewedBytesPerSearch": 1041.2786885245903,
    "averageViewedBytesPerSearchError": 89.94029416872829,
    "viewedBytesFraction": 0.05907629005586011,
    "viewedBytesFractionError": 0.005102705898600266,
    "correctChoices": 218,
    "correctChoicesError": 5.558564364588719,
    "totalChoices": 254,
    "correctChoicesFraction": 0.8582677165354331,
    "correctChoicesFractionError": 0.02188411167160913
}