{
    "numberOfLeafNodes": 1038,
    "numberOfSearches": 200,
    "numberFound": 25,
    "numberNotFound": 175,
    "foundFraction": 0.125,
    "foundFractionError": 0.023385358667337135,
    "averageViewedNodesOfFoundSearches": 25.36,
    "averageViewedNodesOfFoundSearchesError": 1.505412457324127,
    "averageViewedNodesOfNotFoundSearches": 23.8,
    "averageViewedNodesOfNotFoundSearchesError": 0.5682918836519054,
    "averageViewedNodesPerSearch": 191.95999999999998,
    "averageViewedNodesPerSearchError": 35.87362114775805,
    "viewedNodesFraction": 0.18493256262042387,
    "viewedNodesFractionError": 0.03456032865872644,
    "averageViewedBytesOfFoundSearches": 490.44,
    "averageViewedBytesOfFoundSearchesError": 28.752743637202116,
    "averageViewedBytesOfNotFoundSearches": 458.7314285714286,
    "averageViewedBytesOfNotFoundSearchesError": 11.169011165506127,
    "averageViewedBytesPerSearch": 3701.56,
    "averageViewedBytesPerSearchError": 691.60150863744,
    "viewedBytesFraction": 0.2100056734369681,
    "viewedBytesFractionError": 0.03923757566307954,
    "correctChoices": 297,
    "correctChoicesError": 10.436527618993027,
    "totalChoices": 469,
    "correctChoicesFraction": 0.6332622601279317,
    "correctChoicesFractionError": 0.022252724134313492
}