{
    "absolute zero": 73.33333333333333,
    "active galactic nucleus": 100.0,
    "Amp\u00e8re's law": 80.0,
    "angular momentum": 73.33333333333333,
    "Archimedes' principle": 100.0,
    "Atomic Theory": 76.66666666666667,
    "BCS theory": 83.33333333333334,
    "big-bang theory": 83.33333333333334,
    "Bose\u2013Einstein condensation": 83.33333333333334,
    "Boyle's law": 90.0,
    "calculus": 90.0,
    "Carnot cycle": 76.66666666666667,
    "classical physics": 80.0,
    "cold fusion": 76.66666666666667,
    "Compton effect": 56.666666666666664,
    "conservation law": 90.0,
    "Copenhagen interpretation": 36.666666666666664,
    "CPT theorem": 83.33333333333334,
    "dark energy": 83.33333333333334,
    "de Broglie wavelength": 66.66666666666666,
    "density functional theory": 86.66666666666667,
    "Dirac equation": 83.33333333333334,
    "Doppler effect": 73.33333333333333,
    "Einstein equation": 86.66666666666667,
    "electricity": 76.66666666666667,
    "electron": 83.33333333333334,
    "energy": 83.33333333333334,
    "entropy": 86.66666666666667,
    "event horizon": 86.66666666666667,
    "Fabry\u2013P\u00e9rot interferometer": 96.66666666666667,
    "field": 83.33333333333334,
    "fluid mechanics": 90.0,
    "frame of reference": 83.33333333333334,
    "fundamental interactions": 90.0,
    "general theory of relativity": 93.33333333333333,
    "Gibbs free energy": 80.0,
    "gravitation": 76.66666666666667,
    "Hamiltonian": 86.66666666666667,
    "Heisenberg uncertainty principle": 100.0,
    "Higgs boson": 96.66666666666667,
    "Hund's rules": 83.33333333333334,
    "ideal gas": 53.333333333333336,
    "information theory": 86.66666666666667,
    "inverse-square law": 90.0,
    "isotope": 76.66666666666667,
    "kinetic energy": 86.66666666666667,
    "Lagrangian": 83.33333333333334,
    "Large Hadron Collider": 86.66666666666667,
    "light": 80.0,
    "linear momentum": 80.0,
    "M-theory": 70.0,
    "magnetic field": 90.0,
    "mass": 73.33333333333333,
    "Maxwell's equations": 80.0,
    "Michelson\u2013Morley experiment": 80.0,
    "microwave background radiation": 90.0,
    "momentum": 83.33333333333334,
    "Navier\u2013Stokes equation": 76.66666666666667,
    "Newton's law of gravitation": 96.66666666666667,
    "Noether's theorem": 96.66666666666667,
    "nuclear physics": 80.0,
    "Ohm's law": 86.66666666666667,
    "optics": 83.33333333333334,
    "particle physics": 83.33333333333334,
    "Pauli exclusion principle": 90.0,
    "perturbation theory": 93.33333333333333,
    "physics": 83.33333333333334,
    "Planck constant": 93.33333333333333,
    "Poisson distribution": 83.33333333333334,
    "pressure": 93.33333333333333,
    "proton": 93.33333333333333,
    "quantum mechanics": 93.33333333333333,
    "quark": 76.66666666666667,
    "radioactivity": 70.0,
    "Rankine cycle": 83.33333333333334,
    "Schr\u00f6dinger equation": 93.33333333333333,
    "semiconductor": 83.33333333333334,
    "SI units": 93.33333333333333,
    "Snell's law": 83.33333333333334,
    "special theory of relativity": 90.0,
    "speed of light": 93.33333333333333,
    "standard model": 76.66666666666667,
    "strong interaction": 90.0,
    "superposition principle": 83.33333333333334,
    "thermodynamics": 90.0,
    "thermonuclear reaction": 93.33333333333333,
    "uncertainty principle": 90.0,
    "van der Waals' force": 83.33333333333334,
    "W boson": 93.33333333333333,
    "Weinberg\u2013Salam model": 96.66666666666667,
    "Yang\u2013Mills theory": 90.0,
    "zone refining": 76.66666666666667,
    "Cerenkov radiation": 86.66666666666667,
    "diamagnetism": 70.0,
    "relativistic mass": 60.0,
    "resonance": 93.33333333333333,
    "Rutherford scattering": 70.0,
    "synchrotron": 76.66666666666667,
    "top quark": 86.66666666666667,
    "turbulence": 96.66666666666667
}