{
    "numberOfLeafNodes": 1038,
    "numberOfSearches": 100,
    "numberFound": 22,
    "numberNotFound": 78,
    "foundFraction": 0.22,
    "foundFractionError": 0.04142463035441601,
    "averageViewedNodesOfFoundSearches": 44.72727272727273,
    "averageViewedNodesOfFoundSearchesError": 2.1392860181503917,
    "averageViewedNodesOfNotFoundSearches": 38.05128205128205,
    "averageViewedNodesOfNotFoundSearchesError": 1.7145532321414325,
    "averageViewedNodesPerSearch": 179.63636363636365,
    "averageViewedNodesPerSearchError": 33.19882893591225,
    "viewedNodesFraction": 0.17306008057453146,
    "viewedNodesFractionError": 0.03198345754904841,
    "averageViewedBytesOfFoundSearches": 813.3636363636364,
    "averageViewedBytesOfFoundSearchesError": 45.23108274321513,
    "averageViewedBytesOfNotFoundSearches": 713.0641025641025,
    "averageViewedBytesOfNotFoundSearchesError": 37.037557504717846,
    "averageViewedBytesPerSearch": 3341.5000000000005,
    "averageViewedBytesPerSearchError": 625.9017199515752,
    "viewedBytesFraction": 0.18957789628957225,
    "viewedBytesFractionError": 0.035510139563802064,
    "correctChoices": 251,
    "correctChoicesError": 6.863910591522461,
    "totalChoices": 309,
    "correctChoicesFraction": 0.8122977346278317,
    "correctChoicesFractionError": 0.022213302885185957
}