{
    "numberOfLeafNodes": 1038,
    "numberOfSearches": 100,
    "numberFound": 20,
    "numberNotFound": 80,
    "foundFraction": 0.2,
    "foundFractionError": 0.0400000000000001,
    "averageViewedNodesOfFoundSearches": 33.8,
    "averageViewedNodesOfFoundSearchesError": 0.8227041419995149,
    "averageViewedNodesOfNotFoundSearches": 31.675,
    "averageViewedNodesOfNotFoundSearchesError": 0.818066375630186,
    "averageViewedNodesPerSearch": 160.5,
    "averageViewedNodesPerSearchError": 31.854202055996552,
    "viewedNodesFraction": 0.1546242774566474,
    "viewedNodesFractionError": 0.030688055930632518,
    "averageViewedBytesOfFoundSearches": 558.25,
    "averageViewedBytesOfFoundSearchesError": 26.910169766133123,
    "averageViewedBytesOfNotFoundSearches": 497.125,
    "averageViewedBytesOfNotFoundSearchesError": 14.32132798055342,
    "averageViewedBytesPerSearch": 2546.75,
    "averageViewedBytesPerSearchError": 501.13773538206897,
    "viewedBytesFraction": 0.144488255985476,
    "viewedBytesFractionError": 0.02843173354034205,
    "correctChoices": 135,
    "correctChoicesError": 6.29135532556068,
    "totalChoices": 191,
    "correctChoicesFraction": 0.7068062827225131,
    "correctChoicesFractionError": 0.03293903311811874
}