{
    "numberOfLeafNodes": 1038,
    "numberOfSearches": 300,
    "numberFound": 83,
    "numberNotFound": 217,
    "foundFraction": 0.27666666666666667,
    "foundFractionError": 0.025827777180277924,
    "averageViewedNodesOfFoundSearches": 47.8433734939759,
    "averageViewedNodesOfFoundSearchesError": 1.1278123078495599,
    "averageViewedNodesOfNotFoundSearches": 36.66820276497696,
    "averageViewedNodesOfNotFoundSearchesError": 0.8224858586574912,
    "averageViewedNodesPerSearch": 143.710843373494,
    "averageViewedNodesPerSearchError": 12.608672861524152,
    "viewedNodesFraction": 0.13844975276829863,
    "viewedNodesFractionError": 0.012147083681622498,
    "averageViewedBytesOfFoundSearches": 993.6024096385543,
    "averageViewedBytesOfFoundSearchesError": 22.40707417732355,
    "averageViewedBytesOfNotFoundSearches": 797.0322580645161,
    "averageViewedBytesOfNotFoundSearchesError": 18.541798068304157,
    "averageViewedBytesPerSearch": 3077.409638554217,
    "averageViewedBytesPerSearchError": 274.1874334623428,
    "viewedBytesFraction": 0.1745948960940779,
    "viewedBytesFractionError": 0.015555851211979055,
    "correctChoices": 682,
    "correctChoicesError": 10.809405921654566,
    "totalChoices": 823,
    "correctChoicesFraction": 0.8286755771567437,
    "correctChoicesFractionError": 0.013134150573091818
}